Timestamp CaptoGlove4305;Pinky Bending;Ring Bending;Middle Bending;Index Bending;Thumb Bending
13: 58: 45.434;0,888025;0,884563;0,941612;0,898492;0,644637
13: 58: 45.490;0,905539;0,916214;0,9234;0,9234;0,642124
13: 58: 45.491;0,905539;0,916214;0,9234;0,9234;0,642124
13: 58: 45.495;0,888025;0,927014;0,941612;0,902009;0,657351
13: 58: 45.546;0,912642;0,934284;0,952711;0,8915;0,63962
13: 58: 45.546;0,927014;0,945297;0,930642;0,912642;0,654788
13: 58: 45.588;0,927014;0,945297;0,930642;0,912642;0,654788
13: 58: 45.645;0,888025;0,960184;0,902009;0,888025;0,652236
13: 58: 45.702;0,927014;0,967714;0,941612;0,9198;0,637127
13: 58: 45.721;0,905539;0,971502;0,952711;0,898492;0,649693
13: 58: 45.739;0,909084;0,971502;0,909084;0,916214;0,649693
13: 58: 45.757;0,909084;0,971502;0,909084;0,916214;0,649693
13: 58: 45.795;0,927014;0,971502;0,902009;0,898492;0,634643
13: 58: 45.796;0,927014;0,971502;0,902009;0,898492;0,634643
13: 58: 45.814;0,905539;0,971502;0,9234;0,884563;0,642124
13: 58: 45.832;0,888025;0,975304;0,941612;0,909084;0,649693
13: 58: 45.851;0,888025;0,975304;0,941612;0,909084;0,649693
13: 58: 45.889;0,912642;0,975304;0,945297;0,916214;0,634643
13: 58: 45.907;0,930642;0,975304;0,9234;0,89499;0,652236
13: 58: 45.926;0,930642;0,975304;0,905539;0,902009;0,634643
13: 58: 45.945;0,930642;0,975304;0,905539;0,902009;0,634643
13: 58: 45.982;0,905539;0,975304;0,905539;0,9198;0,649693
13: 58: 45.983;0,8915;0,971502;0,927014;0,902009;0,644637
13: 58: 46.001;0,8915;0,971502;0,927014;0,902009;0,644637
13: 58: 46.020;0,916214;0,971502;0,945297;0,888025;0,632168
13: 58: 46.039;0,9198;0,975304;0,934284;0,912642;0,649693
13: 58: 46.076;0,9198;0,975304;0,934284;0,912642;0,649693
13: 58: 46.077;0,89499;0,975304;0,9198;0,902009;0,634643
13: 58: 46.114;0,89499;0,975304;0,9198;0,902009;0,634643
13: 58: 46.114;0,902009;0,971502;0,905539;0,888025;0,649693
13: 58: 46.132;0,9234;0,963942;0,902009;0,909084;0,64716
13: 58: 46.170;0,9234;0,963942;0,902009;0,909084;0,64716
13: 58: 46.207;0,909084;0,948997;0,927014;0,9234;0,634643
13: 58: 46.208;0,8915;0,934284;0,945297;0,898492;0,652236
13: 58: 46.226;0,902009;0,9198;0,941612;0,8915;0,634643
13: 58: 46.264;0,902009;0,9198;0,941612;0,8915;0,634643
13: 58: 46.264;0,9234;0,902009;0,916214;0,912642;0,649693
13: 58: 46.282;0,905539;0,8915;0,905539;0,89499;0,634643
13: 58: 46.301;0,905539;0,8915;0,905539;0,89499;0,634643
13: 58: 46.320;0,888025;0,884563;0,9198;0,888025;0,63962
13: 58: 46.339;0,909084;0,881114;0,941612;0,909084;0,649693
13: 58: 46.357;0,909084;0,881114;0,941612;0,909084;0,649693
13: 58: 46.395;0,927014;0,881114;0,948997;0,902009;0,632168
13: 58: 46.396;0,927014;0,881114;0,948997;0,902009;0,632168
13: 58: 46.414;0,905539;0,877679;0,927014;0,888025;0,649693
13: 58: 46.432;0,888025;0,877679;0,909084;0,909084;0,634643
13: 58: 46.451;0,888025;0,877679;0,909084;0,909084;0,634643
13: 58: 46.489;0,909084;0,877679;0,909084;0,9198;0,644637
13: 58: 46.489;0,927014;0,877679;0,934284;0,89499;0,649693
13: 58: 46.507;0,927014;0,877679;0,934284;0,89499;0,649693
13: 58: 46.526;0,909084;0,881114;0,948997;0,898492;0,634643
13: 58: 46.545;0,909084;0,881114;0,948997;0,898492;0,634643
13: 58: 46.582;0,8915;0,884563;0,941612;0,916214;0,652236
13: 58: 46.583;0,902009;0,888025;0,9198;0,898492;0,634643
13: 58: 46.601;0,902009;0,888025;0,9198;0,898492;0,634643
13: 58: 46.620;0,9234;0,8915;0,905539;0,884563;0,652236
13: 58: 46.639;0,9234;0,898492;0,902009;0,909084;0,642124
13: 58: 46.676;0,9234;0,898492;0,902009;0,909084;0,642124
13: 58: 46.677;0,898492;0,905539;0,927014;0,912642;0,632168
13: 58: 46.695;0,898492;0,9198;0,945297;0,89499;0,64716
13: 58: 46.714;0,898492;0,9198;0,945297;0,89499;0,64716
13: 58: 46.733;0,9198;0,934284;0,945297;0,905539;0,632168
13: 58: 46.770;0,9198;0,934284;0,945297;0,905539;0,632168
13: 58: 46.771;0,934284;0,916214;0,9234;0,9234;0,64716
13: 58: 46.789;0,909084;0,912642;0,905539;0,898492;0,632168
13: 58: 46.807;0,909084;0,912642;0,905539;0,898492;0,632168
13: 58: 46.826;0,8915;0,916214;0,898492;0,888025;0,644637
13: 58: 46.864;0,8915;0,916214;0,898492;0,888025;0,644637
13: 58: 46.864;0,905539;0,9234;0,909084;0,912642;0,64716
13: 58: 46.901;0,9234;0,934284;0,930642;0,905539;0,632168
13: 58: 46.902;0,9234;0,934284;0,930642;0,905539;0,632168
13: 58: 46.920;0,902009;0,945297;0,945297;0,888025;0,649693
13: 58: 46.957;0,884563;0,95644;0,927014;0,8915;0,632168
13: 58: 46.958;0,884563;0,95644;0,927014;0,8915;0,632168
13: 58: 46.976;0,905539;0,963942;0,909084;0,912642;0,644637
13: 58: 46.995;0,9198;0,967714;0,905539;0,89499;0,64716
13: 58: 47.014;0,9198;0,967714;0,905539;0,89499;0,64716
13: 58: 47.032;0,89499;0,967714;0,927014;0,884563;0,64716
13: 58: 47.051;0,89499;0,967714;0,927014;0,884563;0,64716
13: 58: 47.089;0,870849;0,967714;0,945297;0,909084;0,649693
13: 58: 47.089;0,881114;0,967714;0,945297;0,905539;0,629704
13: 58: 47.107;0,881114;0,967714;0,945297;0,905539;0,629704
13: 58: 47.126;0,89499;0,963942;0,9198;0,888025;0,644637
13: 58: 47.145;0,8915;0,952711;0,905539;0,909084;0,627249
13: 58: 47.164;0,8915;0,952711;0,905539;0,909084;0,627249
13: 58: 47.182;0,864072;0,934284;0,9198;0,916214;0,642124
13: 58: 47.201;0,864072;0,934284;0,9198;0,916214;0,642124
13: 58: 47.220;0,847359;0,9234;0,937941;0,89499;0,627249
13: 58: 47.239;0,850676;0,912642;0,945297;0,89499;0,637127
13: 58: 47.295;0,850676;0,912642;0,945297;0,89499;0,637127
13: 58: 47.296;0,867454;0,902009;0,927014;0,916214;0,627249
13: 58: 47.314;0,874257;0,888025;0,89499;0,902009;0,627249
13: 58: 47.332;0,870849;0,881114;0,867454;0,888025;0,617524
13: 58: 47.351;0,870849;0,881114;0,867454;0,888025;0,617524
13: 58: 47.370;0,850676;0,884563;0,867454;0,905539;0,622368
13: 58: 47.389;0,799136;0,867454;0,860703;0,9234;0,598525
13: 58: 47.407;0,799136;0,867454;0,860703;0,9234;0,598525
13: 58: 47.426;0,768521;0,814897;0,808556;0,898492;0,60795
13: 58: 47.445;0,724785;0,802263;0,789826;0,89499;0,593867
13: 58: 47.464;0,724785;0,802263;0,789826;0,89499;0,593867
13: 58: 47.482;0,699747;0,759568;0,741972;0,912642;0,566672
13: 58: 47.501;0,699747;0,759568;0,741972;0,912642;0,566672
13: 58: 47.520;0,657351;0,707995;0,697019;0,905539;0,544963
13: 58: 47.539;0,593867;0,6651;0,683537;0,888025;0,532339
13: 58: 47.557;0,593867;0,6651;0,683537;0,888025;0,532339
13: 58: 47.576;0,542839;0,632168;0,67294;0,905539;0,507962
13: 58: 47.595;0,507962;0,622368;0,657351;0,9234;0,475325
13: 58: 47.614;0,507962;0,622368;0,657351;0,9234;0,475325
13: 58: 47.632;0,498137;0,622368;0,64716;0,898492;0,448275
13: 58: 47.651;0,498137;0,622368;0,64716;0,898492;0,448275
13: 58: 47.670;0,505981;0,629704;0,622368;0,8915;0,441325
13: 58: 47.689;0,50995;0,637127;0,600868;0,912642;0,419473
13: 58: 47.707;0,50995;0,637127;0,600868;0,912642;0,419473
13: 58: 47.726;0,49426;0,617524;0,589246;0,916214;0,377485
13: 58: 47.745;0,477186;0,598525;0,600868;0,89499;0,361608
13: 58: 47.764;0,477186;0,598525;0,600868;0,89499;0,361608
13: 58: 47.782;0,469788;0,589246;0,61033;0,909084;0,324144
13: 58: 47.801;0,469788;0,589246;0,61033;0,909084;0,324144
13: 58: 47.820;0,458905;0,582381;0,589246;0,9198;0,292839
13: 58: 47.839;0,453559;0,577849;0,582381;0,927014;0,288299
13: 58: 47.857;0,453559;0,577849;0,582381;0,927014;0,288299
13: 58: 47.876;0,469788;0,589246;0,58011;0,902009;0,2625
13: 58: 47.895;0,480928;0,612719;0,575596;0,89499;0,263527
13: 58: 47.914;0,480928;0,612719;0,575596;0,89499;0,263527
13: 58: 47.932;0,473472;0,624803;0,571117;0,916214;0,243723
13: 58: 47.951;0,473472;0,624803;0,571117;0,916214;0,243723
13: 58: 47.970;0,458905;0,603219;0,562262;0,898492;0,244677
13: 58: 47.989;0,448275;0,586949;0,547096;0,884563;0,241826
13: 58: 48.007;0,448275;0,586949;0,547096;0,884563;0,241826
13: 58: 48.026;0,455334;0,575596;0,524086;0,905539;0,228956
13: 58: 48.045;0,469788;0,589246;0,504009;0,916214;0,239009
13: 58: 48.064;0,469788;0,589246;0,504009;0,916214;0,239009
13: 58: 48.101;0,469788;0,60558;0,500086;0,89499;0,225407
13: 58: 48.120;0,453559;0,612719;0,488502;0,89499;0,236224
13: 58: 48.139;0,450029;0,593867;0,477186;0,912642;0,230752
13: 58: 48.158;0,450029;0,593867;0,477186;0,912642;0,230752
13: 58: 48.176;0,467956;0,577849;0,471626;0,89499;0,221912
13: 58: 48.195;0,479053;0,571117;0,466132;0,884563;0,235303
13: 58: 48.214;0,479053;0,571117;0,466132;0,884563;0,235303
13: 58: 48.233;0,462504;0,591552;0,466132;0,8915;0,223652
13: 58: 48.251;0,462504;0,591552;0,466132;0,8915;0,223652
13: 58: 48.270;0,460701;0,60558;0,467956;0,912642;0,225407
13: 58: 48.308;0,479053;0,591552;0,477186;0,89499;0,231655
13: 58: 48.326;0,479053;0,577849;0,490414;0,888025;0,222781
13: 58: 48.345;0,464314;0,582381;0,498137;0,909084;0,235303
13: 58: 48.364;0,464314;0,582381;0,498137;0,909084;0,235303
13: 58: 48.383;0,479053;0,600868;0,500086;0,898492;0,239944
13: 58: 48.401;0,479053;0,600868;0,500086;0,898492;0,239944
13: 58: 48.420;0,490414;0,600868;0,500086;0,884563;0,228064
13: 58: 48.439;0,471626;0,582381;0,488502;0,905539;0,236224
13: 58: 48.458;0,471626;0,582381;0,488502;0,905539;0,236224
13: 58: 48.476;0,475325;0,575596;0,471626;0,916214;0,243723
13: 58: 48.495;0,488502;0,593867;0,457116;0,89499;0,230752
13: 58: 48.514;0,488502;0,593867;0,457116;0,89499;0,230752
13: 58: 48.533;0,471626;0,603219;0,446527;0,905539;0,224528
13: 58: 48.551;0,471626;0,603219;0,446527;0,905539;0,224528
13: 58: 48.570;0,471626;0,582381;0,439604;0,9198;0,237149
13: 58: 48.589;0,486597;0,571117;0,436183;0,898492;0,237149
13: 58: 48.608;0,486597;0,571117;0,436183;0,898492;0,237149
13: 58: 48.626;0,471626;0,591552;0,441325;0,89499;0,225407
13: 58: 48.645;0,466132;0,603219;0,455334;0,916214;0,231655
13: 58: 48.664;0,466132;0,603219;0,455334;0,916214;0,231655
13: 58: 48.683;0,4847;0,582381;0,467956;0,89499;0,240883
13: 58: 48.720;0,4847;0,582381;0,467956;0,89499;0,240883
13: 58: 48.739;0,460701;0,591552;0,473472;0,909084;0,221047
13: 58: 48.758;0,460701;0,591552;0,473472;0,909084;0,221047
13: 58: 48.776;0,480928;0,600868;0,457116;0,89499;0,231655
13: 58: 48.795;0,477186;0,586949;0,446527;0,884563;0,239944
13: 58: 48.814;0,477186;0,586949;0,446527;0,884563;0,239944
13: 58: 48.833;0,464314;0,573352;0,441325;0,909084;0,228956
13: 58: 48.852;0,464314;0,573352;0,441325;0,909084;0,228956
13: 58: 48.870;0,482811;0,589246;0,436183;0,89499;0,219327
13: 58: 48.889;0,471626;0,603219;0,446527;0,884563;0,229852
13: 58: 48.908;0,471626;0,603219;0,446527;0,884563;0,229852
13: 58: 48.927;0,466132;0,582381;0,462504;0,909084;0,238077
13: 58: 48.945;0,4847;0,571117;0,471626;0,9234;0,225407
13: 58: 48.964;0,4847;0,571117;0,471626;0,9234;0,225407
13: 58: 48.983;0,469788;0,589246;0,473472;0,898492;0,216771
13: 58: 49.001;0,469788;0,589246;0,473472;0,898492;0,216771
13: 58: 49.020;0,467956;0,603219;0,458905;0,89499;0,229852
13: 58: 49.039;0,486597;0,58466;0,448275;0,916214;0,229852
13: 58: 49.058;0,486597;0,58466;0,448275;0,916214;0,229852
13: 58: 49.077;0,471626;0,571117;0,441325;0,905539;0,219327
13: 58: 49.095;0,473472;0,586949;0,446527;0,888025;0,220185
13: 58: 49.114;0,473472;0,586949;0,446527;0,888025;0,220185
13: 58: 49.133;0,492333;0,600868;0,464314;0,909084;0,232562
13: 58: 49.151;0,492333;0,600868;0,464314;0,909084;0,232562
13: 58: 49.170;0,477186;0,582381;0,477186;0,9198;0,236224
13: 58: 49.189;0,492333;0,56889;0,479053;0,898492;0,223652
13: 58: 49.208;0,492333;0,56889;0,479053;0,898492;0,223652
13: 58: 49.245;0,505981;0,58466;0,466132;0,898492;0,218472
13: 58: 49.264;0,490414;0,600868;0,458905;0,916214;0,232562
13: 58: 49.283;0,507962;0,58011;0,467956;0,898492;0,240883
13: 58: 49.301;0,507962;0,58011;0,467956;0,898492;0,240883
13: 58: 49.320;0,502044;0,571117;0,4847;0,888025;0,233472
13: 58: 49.339;0,490414;0,591552;0,496195;0,909084;0,221912
13: 58: 49.358;0,490414;0,591552;0,496195;0,909084;0,221912
13: 58: 49.376;0,507962;0,596192;0,480928;0,902009;0,21762
13: 58: 49.395;0,49426;0,575596;0,471626;0,884563;0,231655
13: 58: 49.414;0,49426;0,575596;0,471626;0,884563;0,231655
13: 58: 49.433;0,49426;0,573352;0,473472;0,905539;0,239009
13: 58: 49.451;0,49426;0,573352;0,473472;0,905539;0,239009
13: 58: 49.470;0,50995;0,591552;0,490414;0,9198;0,228956
13: 58: 49.489;0,496195;0,589246;0,502044;0,898492;0,218472
13: 58: 49.508;0,496195;0,589246;0,502044;0,898492;0,218472
13: 58: 49.526;0,49426;0,573352;0,490414;0,902009;0,218472
13: 58: 49.545;0,511946;0,564463;0,477186;0,9198;0,231655
13: 58: 49.564;0,511946;0,564463;0,477186;0,9198;0,231655
13: 58: 49.583;0,49426;0,586949;0,475325;0,898492;0,239009
13: 58: 49.602;0,49426;0,586949;0,475325;0,898492;0,239009
13: 58: 49.620;0,50995;0,593867;0,490414;0,888025;0,228956
13: 58: 49.639;0,505981;0,573352;0,496195;0,909084;0,21762
13: 58: 49.658;0,505981;0,573352;0,496195;0,909084;0,21762
13: 58: 49.676;0,49426;0,58011;0,490414;0,905539;0,215084
13: 58: 49.695;0,511946;0,596192;0,471626;0,888025;0,228064
13: 58: 49.714;0,511946;0,596192;0,471626;0,888025;0,228064
13: 58: 49.733;0,49426;0,586949;0,460701;0,905539;0,235303
13: 58: 49.770;0,49426;0,586949;0,460701;0,905539;0,235303
13: 58: 49.789;0,513949;0,582381;0,482811;0,909084;0,215926
13: 58: 49.808;0,513949;0,582381;0,482811;0,909084;0,215926
13: 58: 49.826;0,496195;0,598525;0,477186;0,8915;0,228064
13: 58: 49.845;0,511946;0,582381;0,460701;0,905539;0,235303
13: 58: 49.864;0,511946;0,582381;0,460701;0,905539;0,235303
13: 58: 49.883;0,500086;0,566672;0,45179;0,9198;0,228956
13: 58: 49.901;0,500086;0,566672;0,45179;0,9198;0,228956
13: 58: 49.920;0,496195;0,58466;0,467956;0,898492;0,216771
13: 58: 49.939;0,511946;0,598525;0,479053;0,884563;0,21175
13: 58: 49.958;0,511946;0,598525;0,479053;0,884563;0,21175
13: 58: 49.976;0,496195;0,577849;0,477186;0,909084;0,222781
13: 58: 49.995;0,50995;0,571117;0,460701;0,905539;0,232562
13: 58: 50.014;0,50995;0,571117;0,460701;0,905539;0,232562
13: 58: 50.033;0,50995;0,589246;0,45179;0,888025;0,230752
13: 58: 50.052;0,50995;0,589246;0,45179;0,888025;0,230752
13: 58: 50.089;0,496195;0,589246;0,467956;0,905539;0,218472
13: 58: 50.090;0,511946;0,571117;0,479053;0,9198;0,21175
13: 58: 50.108;0,511946;0,571117;0,479053;0,9198;0,21175
13: 58: 50.126;0,496195;0,573352;0,473472;0,898492;0,21762
13: 58: 50.145;0,507962;0,589246;0,460701;0,8915;0,229852
13: 58: 50.164;0,507962;0,589246;0,460701;0,8915;0,229852
13: 58: 50.183;0,50995;0,577849;0,457116;0,912642;0,236224
13: 58: 50.201;0,50995;0,577849;0,457116;0,912642;0,236224
13: 58: 50.220;0,49426;0,564463;0,473472;0,902009;0,227174
13: 58: 50.239;0,50995;0,582381;0,480928;0,888025;0,215926
13: 58: 50.258;0,50995;0,582381;0,480928;0,888025;0,215926
13: 58: 50.276;0,492333;0,593867;0,462504;0,909084;0,210102
13: 58: 50.295;0,492333;0,571117;0,453559;0,9198;0,218472
13: 58: 50.314;0,492333;0,571117;0,453559;0,9198;0,218472
13: 58: 50.351;0,505981;0,562262;0,471626;0,89499;0,230752
13: 58: 50.370;0,49426;0,58466;0,477186;0,909084;0,237149
13: 58: 50.389;0,515961;0,58011;0,467956;0,9198;0,237149
13: 58: 50.408;0,515961;0,58011;0,467956;0,9198;0,237149
13: 58: 50.426;0,50995;0,577849;0,477186;0,898492;0,228956
13: 58: 50.445;0,542839;0,612719;0,511946;0,902009;0,225407
13: 58: 50.464;0,542839;0,612719;0,511946;0,902009;0,225407
13: 58: 50.483;0,56889;0,64716;0,591552;0,916214;0,224528
13: 58: 50.502;0,56889;0,64716;0,591552;0,916214;0,224528
13: 58: 50.520;0,582381;0,675574;0,680872;0,912642;0,237149
13: 58: 50.539;0,634643;0,747792;0,730469;0,8915;0,259441
13: 58: 50.558;0,634643;0,747792;0,730469;0,8915;0,259441
13: 58: 50.576;0,652236;0,771529;0,783679;0,909084;0,269776
13: 58: 50.595;0,691594;0,824503;0,840765;0,9234;0,260457
13: 58: 50.614;0,691594;0,824503;0,840765;0,9234;0,260457
13: 58: 50.633;0,707995;0,860703;0,874257;0,898492;0,268725
13: 58: 50.652;0,753657;0,854005;0,874257;0,8915;0,289428
13: 58: 50.671;0,753657;0,854005;0,874257;0,8915;0,289428
13: 58: 50.689;0,756607;0,847359;0,870849;0,912642;0,296291
13: 58: 50.708;0,756607;0,847359;0,870849;0,912642;0,296291
13: 58: 50.745;0,780624;0,877679;0,867454;0,898492;0,305697
13: 58: 50.746;0,824503;0,905539;0,867454;0,884563;0,3397
13: 58: 50.783;0,824503;0,905539;0,867454;0,884563;0,3397
13: 58: 50.783;0,857348;0,9198;0,867454;0,909084;0,363024
13: 58: 50.839;0,877679;0,905539;0,874257;0,912642;0,367303
13: 58: 50.840;0,888025;0,888025;0,884563;0,8915;0,380446
13: 58: 50.876;0,888025;0,888025;0,884563;0,8915;0,380446
13: 58: 50.877;0,898492;0,877679;0,898492;0,909084;0,404982
13: 58: 50.895;0,909084;0,877679;0,916214;0,9234;0,421115
13: 58: 50.932;0,909084;0,877679;0,916214;0,9234;0,421115
13: 58: 50.933;0,916214;0,898492;0,930642;0,898492;0,417838
13: 58: 50.970;0,9234;0,9234;0,941612;0,89499;0,419473
13: 58: 50.971;0,9234;0,9234;0,941612;0,89499;0,419473
13: 58: 50.989;0,927014;0,941612;0,948997;0,916214;0,443052
13: 58: 51.027;0,927014;0,941612;0,948997;0,916214;0,443052
13: 58: 51.027;0,930642;0,948997;0,952711;0,898492;0,466132
13: 58: 51.064;0,934284;0,941612;0,95644;0,884563;0,480928
13: 58: 51.065;0,934284;0,941612;0,95644;0,884563;0,480928
13: 58: 51.083;0,934284;0,916214;0,960184;0,905539;0,4847
13: 58: 51.139;0,937941;0,898492;0,960184;0,9198;0,479053
13: 58: 51.140;0,937941;0,898492;0,960184;0,9198;0,479053
13: 58: 51.176;0,937941;0,89499;0,960184;0,898492;0,479053
13: 58: 51.195;0,937941;0,941612;0,952711;0,912642;0,488502
13: 58: 51.214;0,937941;0,941612;0,952711;0,912642;0,488502
13: 58: 51.233;0,934284;0,952711;0,948997;0,927014;0,496195
13: 58: 51.251;0,930642;0,95644;0,937941;0,902009;0,507962
13: 58: 51.270;0,930642;0,95644;0,937941;0,902009;0,507962
13: 58: 51.289;0,9198;0,945297;0,934284;0,888025;0,520008
13: 58: 51.308;0,9198;0,945297;0,934284;0,888025;0,520008
13: 58: 51.345;0,898492;0,9198;0,927014;0,909084;0,528197
13: 58: 51.346;0,877679;0,902009;0,930642;0,916214;0,528197
13: 58: 51.382;0,877679;0,902009;0,930642;0,916214;0,528197
13: 58: 51.383;0,867454;0,8915;0,930642;0,89499;0,540722
13: 58: 51.402;0,860703;0,884563;0,937941;0,909084;0,542839
13: 58: 51.439;0,860703;0,884563;0,937941;0,909084;0,542839
13: 58: 51.440;0,877679;0,881114;0,948997;0,9198;0,536514
13: 58: 51.477;0,877679;0,881114;0,948997;0,9198;0,536514
13: 58: 51.477;0,902009;0,884563;0,95644;0,898492;0,526137
13: 58: 51.495;0,9198;0,898492;0,960184;0,898492;0,515961
13: 58: 51.514;0,9198;0,898492;0,960184;0,898492;0,515961
13: 58: 51.533;0,927014;0,916214;0,963942;0,916214;0,505981
13: 58: 51.570;0,916214;0,937941;0,963942;0,898492;0,500086
13: 58: 51.571;0,916214;0,937941;0,963942;0,898492;0,500086
13: 58: 51.589;0,8915;0,952711;0,963942;0,888025;0,498137
13: 58: 51.626;0,8915;0,952711;0,963942;0,888025;0,498137
13: 58: 51.627;0,877679;0,960184;0,960184;0,909084;0,49426
13: 58: 51.664;0,870849;0,967714;0,948997;0,89499;0,496195
13: 58: 51.683;0,884563;0,967714;0,934284;0,884563;0,500086
13: 58: 51.720;0,909084;0,960184;0,916214;0,909084;0,513949
13: 58: 51.721;0,909084;0,960184;0,916214;0,909084;0,513949
13: 58: 51.814;0,9234;0,945297;0,902009;0,912642;0,524086
13: 58: 51.815;0,9234;0,945297;0,902009;0,912642;0,524086
13: 58: 51.852;0,902009;0,89499;0,884563;0,9198;0,540722
13: 58: 51.852;0,884563;0,888025;0,884563;0,898492;0,540722
13: 58: 51.871;0,884563;0,888025;0,884563;0,898492;0,540722
13: 58: 51.889;0,870849;0,888025;0,888025;0,909084;0,534423
13: 58: 51.908;0,870849;0,888025;0,888025;0,909084;0,534423
13: 58: 51.983;0,884563;0,898492;0,902009;0,9234;0,51798
13: 58: 51.983;0,905539;0,9198;0,912642;0,898492;0,505981
13: 58: 52.001;0,930642;0,952711;0,9198;0,912642;0,492333
13: 58: 52.039;0,930642;0,952711;0,9198;0,912642;0,492333
13: 58: 52.040;0,909084;0,963942;0,937941;0,916214;0,498137
13: 58: 52.076;0,909084;0,963942;0,937941;0,916214;0,498137
13: 58: 52.077;0,888025;0,967714;0,948997;0,89499;0,513949
13: 58: 52.095;0,874257;0,971502;0,95644;0,912642;0,530264
13: 58: 52.133;0,874257;0,971502;0,95644;0,912642;0,530264
13: 58: 52.133;0,8915;0,971502;0,960184;0,916214;0,538614
13: 58: 52.170;0,916214;0,971502;0,960184;0,89499;0,544963
13: 58: 52.171;0,916214;0,971502;0,960184;0,89499;0,544963
13: 58: 52.189;0,927014;0,971502;0,941612;0,912642;0,542839
13: 58: 52.226;0,927014;0,971502;0,941612;0,912642;0,542839
13: 58: 52.227;0,912642;0,971502;0,9234;0,916214;0,528197
13: 58: 52.264;0,8915;0,967714;0,905539;0,89499;0,513949
13: 58: 52.265;0,8915;0,967714;0,905539;0,89499;0,513949
13: 58: 52.283;0,877679;0,960184;0,89499;0,912642;0,507962
13: 58: 52.320;0,898492;0,95644;0,8915;0,916214;0,515961
13: 58: 52.321;0,898492;0,95644;0,8915;0,916214;0,515961
13: 58: 52.358;0,9198;0,945297;0,8915;0,89499;0,532339
13: 58: 52.376;0,930642;0,934284;0,905539;0,909084;0,544963
13: 58: 52.414;0,912642;0,9234;0,9234;0,9234;0,551387
13: 58: 52.415;0,912642;0,9234;0,9234;0,9234;0,551387
13: 58: 52.452;0,8915;0,909084;0,941612;0,898492;0,536514
13: 58: 52.452;0,881114;0,898492;0,952711;0,909084;0,522043
13: 58: 52.508;0,881114;0,898492;0,952711;0,909084;0,522043
13: 58: 52.508;0,898492;0,8915;0,960184;0,9234;0,513949
13: 58: 52.545;0,9198;0,888025;0,95644;0,898492;0,522043
13: 58: 52.546;0,930642;0,884563;0,945297;0,898492;0,536514
13: 58: 52.564;0,930642;0,884563;0,945297;0,898492;0,536514
13: 58: 52.583;0,937941;0,881114;0,927014;0,916214;0,544963
13: 58: 52.601;0,916214;0,888025;0,909084;0,898492;0,544963
13: 58: 52.620;0,916214;0,888025;0,909084;0,898492;0,544963
13: 58: 52.639;0,89499;0,898492;0,898492;0,888025;0,528197
13: 58: 52.676;0,89499;0,898492;0,898492;0,888025;0,528197
13: 58: 52.677;0,881114;0,9198;0,8915;0,912642;0,51798
13: 58: 52.695;0,8915;0,937941;0,888025;0,898492;0,520008
13: 58: 52.733;0,8915;0,937941;0,888025;0,898492;0,520008
13: 58: 52.733;0,912642;0,948997;0,888025;0,888025;0,536514
13: 58: 52.751;0,930642;0,960184;0,8915;0,909084;0,549237
13: 58: 52.770;0,930642;0,960184;0,8915;0,909084;0,549237
13: 58: 52.826;0,916214;0,967714;0,905539;0,905539;0,542839
13: 58: 52.827;0,89499;0,971502;0,927014;0,8915;0,528197
13: 58: 52.864;0,881114;0,975304;0,941612;0,884563;0,51798
13: 58: 52.865;0,881114;0,975304;0,941612;0,884563;0,51798
13: 58: 52.883;0,888025;0,975304;0,952711;0,909084;0,524086
13: 58: 52.920;0,912642;0,975304;0,960184;0,898492;0,524086
13: 58: 52.921;0,912642;0,975304;0,960184;0,898492;0,524086
13: 58: 52.958;0,927014;0,971502;0,963942;0,884563;0,534423
13: 58: 52.959;0,927014;0,971502;0,963942;0,884563;0,534423
13: 58: 52.977;0,927014;0,967714;0,95644;0,909084;0,538614
13: 58: 53.014;0,902009;0,963942;0,934284;0,909084;0,536514
13: 58: 53.015;0,902009;0,963942;0,934284;0,909084;0,536514
13: 58: 53.051;0,884563;0,95644;0,912642;0,8915;0,522043
13: 58: 53.052;0,884563;0,941612;0,902009;0,905539;0,505981
13: 58: 53.071;0,884563;0,941612;0,902009;0,905539;0,505981
13: 58: 53.108;0,909084;0,9198;0,89499;0,9234;0,492333
13: 58: 53.145;0,909084;0,9198;0,89499;0,9234;0,492333
13: 58: 53.146;0,927014;0,909084;0,888025;0,898492;0,4847
13: 58: 53.164;0,934284;0,89499;0,8915;0,8915;0,480928
13: 58: 53.202;0,912642;0,8915;0,89499;0,912642;0,4847
13: 58: 53.202;0,8915;0,888025;0,912642;0,902009;0,500086
13: 58: 53.239;0,8915;0,888025;0,912642;0,902009;0,500086
13: 58: 53.240;0,881114;0,884563;0,927014;0,888025;0,515961
13: 58: 53.258;0,888025;0,884563;0,941612;0,909084;0,526137
13: 58: 53.277;0,888025;0,884563;0,941612;0,909084;0,526137
13: 58: 53.295;0,912642;0,8915;0,952711;0,9198;0,532339
13: 58: 53.333;0,912642;0,8915;0,952711;0,9198;0,532339
13: 58: 53.334;0,930642;0,89499;0,960184;0,898492;0,515961
13: 58: 53.352;0,937941;0,905539;0,963942;0,898492;0,504009
13: 58: 53.370;0,937941;0,905539;0,963942;0,898492;0,504009
13: 58: 53.389;0,927014;0,916214;0,95644;0,916214;0,498137
13: 58: 53.426;0,927014;0,916214;0,95644;0,916214;0,498137
13: 58: 53.427;0,902009;0,941612;0,934284;0,898492;0,505981
